{
    "mAP": 0.5989343907495398,
    "APs": {
        "class_0": 0.3872284048754637,
        "class_1": 0.43842364532019706,
        "class_2": 0.6786791092476088,
        "class_3": 0.5724526831863788,
        "class_4": 0.2455357142857143,
        "class_5": 0.7679131213613972,
        "class_6": 0.19757575757575757,
        "class_7": 0.6944444444444445,
        "class_8": 0.4947478991596639,
        "class_9": 0.7118522503137888,
        "class_10": 0.75,
        "class_11": 0.421875,
        "class_12": 0.4555555555555555,
        "class_13": 0.9666666666666667,
        "class_14": 0.8,
        "class_15": 1.0
    }
}