{
    "mAP": 0.5145549309685027,
    "APs": {
        "class_0": 0.5641891891891891,
        "class_1": 0.6344768622051034,
        "class_2": 0.4280369652420469,
        "class_3": 0.25430194805194806,
        "class_4": 0.4541666666666666,
        "class_5": 0.6138404882154883,
        "class_6": 0.4038095238095238,
        "class_7": 0.4292929292929293,
        "class_8": 0.4558823529411765,
        "class_9": 0.48840048840048833,
        "class_10": 0.5,
        "class_11": 0.225,
        "class_12": 0.4814814814814815,
        "class_13": 1.0,
        "class_14": 0.8,
        "class_15": 0.5
    }
}