{
    "mAP": 0.6524427163971136,
    "APs": {
        "class_0": 0.7783783783783784,
        "class_1": 0.7194357366771161,
        "class_2": 0.5592526190382667,
        "class_3": 0.5222461685823755,
        "class_4": 0.5625000000000001,
        "class_5": 0.6404465709728868,
        "class_6": 0.687936507936508,
        "class_7": 0.7620513702557046,
        "class_8": 0.546218487394958,
        "class_9": 0.7527472527472527,
        "class_10": 0.6666666666666666,
        "class_11": 0.6875,
        "class_12": 0.5370370370370371,
        "class_13": 1.0,
        "class_14": 0.6833333333333333,
        "class_15": 0.3333333333333333
    }
}