{
    "mAP": 0.4585811098293671,
    "APs": {
        "class_0": 0.42712355212355224,
        "class_1": 0.6062881008888268,
        "class_2": 0.3141057141057141,
        "class_3": 0.308491847826087,
        "class_4": 0.1111111111111111,
        "class_5": 0.6112657981853027,
        "class_6": 0.4238095238095238,
        "class_7": 0.4535792094615623,
        "class_8": 0.3092436974789916,
        "class_9": 0.46153846153846156,
        "class_10": 0.5,
        "class_11": 0.5,
        "class_12": 0.4074074074074074,
        "class_13": 0.45,
        "class_14": 0.45333333333333337,
        "class_15": 1.0
    }
}