{
    "mAP": 0.6433302106490046,
    "APs": {
        "class_0": 0.5910693301997652,
        "class_1": 0.4827586206896552,
        "class_2": 0.5502882828274008,
        "class_3": 0.5895548707736776,
        "class_4": 0.3993055555555556,
        "class_5": 0.7657685881370092,
        "class_6": 0.4328042328042328,
        "class_7": 0.6984126984126985,
        "class_8": 0.587132479410753,
        "class_9": 0.7627712031558185,
        "class_10": 0.41666666666666663,
        "class_11": 0.625,
        "class_12": 0.5917508417508417,
        "class_13": 1.0,
        "class_14": 0.8,
        "class_15": 1.0
    }
}