{
    "mAP": 0.6132856515865293,
    "APs": {
        "class_0": 0.47949125596184416,
        "class_1": 0.4482758620689655,
        "class_2": 0.5761262239523108,
        "class_3": 0.4925347222222222,
        "class_4": 0.29464285714285715,
        "class_5": 0.7579861111111111,
        "class_6": 0.4666666666666667,
        "class_7": 0.6452991452991453,
        "class_8": 0.5106209150326798,
        "class_9": 0.6991758241758241,
        "class_10": 0.5,
        "class_11": 0.55,
        "class_12": 0.5917508417508417,
        "class_13": 1.0,
        "class_14": 0.8,
        "class_15": 1.0
    }
}