{
    "mAP": 0.6158920097169369,
    "APs": {
        "class_0": 0.5211575211575211,
        "class_1": 0.4414082874529122,
        "class_2": 0.6285662923593959,
        "class_3": 0.6183588830721777,
        "class_4": 0.45138888888888884,
        "class_5": 0.7454507729017533,
        "class_6": 0.23696969696969697,
        "class_7": 0.6891737891737892,
        "class_8": 0.5695611577964519,
        "class_9": 0.7118522503137888,
        "class_10": 0.5,
        "class_11": 0.425,
        "class_12": 0.5153846153846153,
        "class_13": 1.0,
        "class_14": 0.8,
        "class_15": 1.0
    }
}