{
    "mAP": 0.6422182655723684,
    "APs": {
        "class_0": 0.6716988416988416,
        "class_1": 0.6896551724137931,
        "class_2": 0.6323386490576937,
        "class_3": 0.4561335403726708,
        "class_4": 0.5056818181818182,
        "class_5": 0.7144648829431439,
        "class_6": 0.7682539682539683,
        "class_7": 0.8104192104192104,
        "class_8": 0.49321266968325794,
        "class_9": 0.6257631257631258,
        "class_10": 0.6666666666666666,
        "class_11": 0.6875,
        "class_12": 0.5370370370370371,
        "class_13": 1.0,
        "class_14": 0.6833333333333333,
        "class_15": 0.3333333333333333
    }
}