{
    "mAP": 0.494086731246986,
    "APs": {
        "class_0": 0.9097222222222222,
        "class_1": 0.6961451247165533,
        "class_2": 0.7771493212669683,
        "class_3": 0.5803571428571429,
        "class_4": 0.6785714285714285,
        "class_5": 0.788888888888889,
        "class_6": 0.45312499999999994,
        "class_7": 0.6190476190476191,
        "class_8": 0.9642857142857142,
        "class_9": 0.23809523809523808,
        "class_10": 0,
        "class_11": 0,
        "class_12": 0.2,
        "class_13": 0,
        "class_14": 1.0,
        "class_15": 0
    }
}